directory	file	line	function	property kind	status	property
2020/giles	prog.c	33	main	signed_overflow	Unknown	-2147483648 â‰¤ m - 1
2020/giles	prog.c	39	main	mem_access	Unknown	\valid_read(f)
2020/giles	prog.c	39	main	precondition of strlen	Unknown	valid_string_s: valid_read_string(s)
2020/giles	prog.c	39	main	precondition of fwrite	Unknown	valid_stream: \valid(stream)
2020/giles	prog.c	42	main	mem_access	Unknown	\valid_read(*f)
2020/giles	prog.c	42	main	mem_access	Unknown	\valid_read(tmp_5)
2020/giles	prog.c	42	main	precondition of strchr	Unknown	valid_string_s: valid_read_string(s)
2020/giles	prog.c	42	main	mem_access	Unknown	\valid(f)
2020/giles	prog.c	45	main	is_nan_or_infinite	Unknown	\is_finite(*(n_0 + 16))
2020/giles	prog.c	45	main	is_nan_or_infinite	Unknown	\is_finite(*(n_0 + 16))
2020/giles	prog.c	46	main	is_nan_or_infinite	Unknown	\is_finite(*(&l[z] + 17))
2020/giles	prog.c	46	main	is_nan_or_infinite	Unknown	\is_finite(\sub_double(\add_double(\mul_double(\sub_double((double)1, d[6]), d[2]), \mul_double(\mul_double((double)2, *(&l[z] + 17)), *(&l[z] + 0))), \mul_double(*(&l[z] + 1), d[6])))
2020/giles	prog.c	46	main	is_nan_or_infinite	Unknown	\is_finite(\mul_double((double)2, *(&l[z] + 17)))
2020/giles	prog.c	46	main	is_nan_or_infinite	Unknown	\is_finite(\mul_double(\mul_double((double)2, *(&l[z] + 17)), *(&l[z] + 0)))
2020/giles	prog.c	46	main	is_nan_or_infinite	Unknown	\is_finite(\mul_double(\mul_double(b, e2), (double)49e2))
2020/giles	prog.c	46	main	is_nan_or_infinite	Unknown	\is_finite(*(&l[z] + 17))
2020/giles	prog.c	46	main	is_nan_or_infinite	Unknown	\is_finite(\sub_double(\add_double(\mul_double(\sub_double((double)1, d[6]), d[2]), \mul_double(\mul_double((double)2, *(&l[z] + 17)), *(&l[z] + 0))), \mul_double(*(&l[z] + 1), d[6])))
2020/giles	prog.c	46	main	is_nan_or_infinite	Unknown	\is_finite(\mul_double((double)2, *(&l[z] + 17)))
2020/giles	prog.c	46	main	is_nan_or_infinite	Unknown	\is_finite(\mul_double(\mul_double((double)2, *(&l[z] + 17)), *(&l[z] + 0)))
2020/giles	prog.c	46	main	is_nan_or_infinite	Unknown	\is_finite(\add_double(x, \mul_double(\mul_double(b, e2), (double)49e2)))
2020/giles	prog.c	46	main	is_nan_or_infinite	Unknown	\is_finite(\mul_double(\mul_double(b, e2), (double)49e2))
2020/giles	prog.c	46	main	is_nan_or_infinite	Unknown	\is_finite(*(&l[z] + 17))
2020/giles	prog.c	46	main	is_nan_or_infinite	Unknown	\is_finite(\sub_double(\add_double(\mul_double(\sub_double((double)1, d[6]), d[2]), \mul_double(\mul_double((double)2, *(&l[z] + 17)), *(&l[z] + 0))), \mul_double(*(&l[z] + 1), d[6])))
2020/giles	prog.c	46	main	is_nan_or_infinite	Unknown	\is_finite(\mul_double((double)2, *(&l[z] + 17)))
2020/giles	prog.c	46	main	is_nan_or_infinite	Unknown	\is_finite(\mul_double(\mul_double((double)2, *(&l[z] + 17)), *(&l[z] + 0)))
2020/giles	prog.c	46	main	is_nan_or_infinite	Unknown	\is_finite(\add_double(x, \mul_double(\mul_double(b, e2), (double)49e2)))
2020/giles	prog.c	46	main	is_nan_or_infinite	Unknown	\is_finite(\mul_double(\mul_double(b, e2), (double)49e2))
2020/giles	prog.c	46	main	is_nan_or_infinite	Unknown	\is_finite(*(&l[z] + 17))
2020/giles	prog.c	46	main	is_nan_or_infinite	Unknown	\is_finite(\sub_double(\add_double(\mul_double(\sub_double((double)1, d[6]), d[2]), \mul_double(\mul_double((double)2, *(&l[z] + 17)), *(&l[z] + 0))), \mul_double(*(&l[z] + 1), d[6])))
2020/giles	prog.c	46	main	is_nan_or_infinite	Unknown	\is_finite(\mul_double((double)2, *(&l[z] + 17)))
2020/giles	prog.c	46	main	is_nan_or_infinite	Unknown	\is_finite(\mul_double(\mul_double((double)2, *(&l[z] + 17)), *(&l[z] + 0)))
2020/giles	prog.c	46	main	is_nan_or_infinite	Unknown	\is_finite(\add_double(x, \mul_double(\mul_double(b, e2), (double)49e2)))
2020/giles	prog.c	46	main	is_nan_or_infinite	Unknown	\is_finite(\mul_double(\mul_double(b, e2), (double)49e2))
2020/giles	prog.c	46	main	is_nan_or_infinite	Unknown	\is_finite(*(&l[z] + 17))
2020/giles	prog.c	46	main	is_nan_or_infinite	Unknown	\is_finite(\sub_double(\add_double(\mul_double(\sub_double((double)1, d[6]), d[2]), \mul_double(\mul_double((double)2, *(&l[z] + 17)), *(&l[z] + 0))), \mul_double(*(&l[z] + 1), d[6])))
2020/giles	prog.c	46	main	is_nan_or_infinite	Unknown	\is_finite(\mul_double((double)2, *(&l[z] + 17)))
2020/giles	prog.c	46	main	is_nan_or_infinite	Unknown	\is_finite(\mul_double(\mul_double((double)2, *(&l[z] + 17)), *(&l[z] + 0)))
2020/giles	prog.c	46	main	is_nan_or_infinite	Unknown	\is_finite(\add_double(x, \mul_double(\mul_double(b, e2), (double)49e2)))
2020/giles	prog.c	46	main	is_nan_or_infinite	Unknown	\is_finite(\mul_double(\mul_double(b, e2), (double)49e2))
2020/giles	prog.c	46	main	is_nan_or_infinite	Unknown	\is_finite(*(&l[z] + 17))
2020/giles	prog.c	46	main	is_nan_or_infinite	Unknown	\is_finite(\sub_double(\add_double(\mul_double(\sub_double((double)1, d[6]), d[2]), \mul_double(\mul_double((double)2, *(&l[z] + 17)), *(&l[z] + 0))), \mul_double(*(&l[z] + 1), d[6])))
2020/giles	prog.c	46	main	is_nan_or_infinite	Unknown	\is_finite(\mul_double((double)2, *(&l[z] + 17)))
2020/giles	prog.c	46	main	is_nan_or_infinite	Unknown	\is_finite(\mul_double(\mul_double((double)2, *(&l[z] + 17)), *(&l[z] + 0)))
2020/giles	prog.c	46	main	is_nan_or_infinite	Unknown	\is_finite(\add_double(x, \mul_double(\mul_double(b, e2), (double)49e2)))
2020/giles	prog.c	46	main	is_nan_or_infinite	Unknown	\is_finite(\mul_double(\mul_double(b, e2), (double)49e2))
2020/giles	prog.c	46	main	is_nan_or_infinite	Unknown	\is_finite(*(&l[z] + 17))
2020/giles	prog.c	46	main	is_nan_or_infinite	Unknown	\is_finite(\sub_double(\add_double(\mul_double(\sub_double((double)1, d[6]), d[2]), \mul_double(\mul_double((double)2, *(&l[z] + 17)), *(&l[z] + 0))), \mul_double(*(&l[z] + 1), d[6])))
2020/giles	prog.c	46	main	is_nan_or_infinite	Unknown	\is_finite(\mul_double((double)2, *(&l[z] + 17)))
2020/giles	prog.c	46	main	is_nan_or_infinite	Unknown	\is_finite(\mul_double(\mul_double((double)2, *(&l[z] + 17)), *(&l[z] + 0)))
2020/giles	prog.c	46	main	is_nan_or_infinite	Unknown	\is_finite(\add_double(x, \mul_double(\mul_double(b, e2), (double)49e2)))
2020/giles	prog.c	46	main	is_nan_or_infinite	Unknown	\is_finite(\mul_double(\mul_double(b, e2), (double)49e2))
2020/giles	prog.c	46	main	is_nan_or_infinite	Unknown	\is_finite(*(&l[z] + 17))
2020/giles	prog.c	46	main	is_nan_or_infinite	Unknown	\is_finite(\sub_double(\add_double(\mul_double(\sub_double((double)1, d[6]), d[2]), \mul_double(\mul_double((double)2, *(&l[z] + 17)), *(&l[z] + 0))), \mul_double(*(&l[z] + 1), d[6])))
2020/giles	prog.c	46	main	is_nan_or_infinite	Unknown	\is_finite(\mul_double((double)2, *(&l[z] + 17)))
2020/giles	prog.c	46	main	is_nan_or_infinite	Unknown	\is_finite(\mul_double(\mul_double((double)2, *(&l[z] + 17)), *(&l[z] + 0)))
2020/giles	prog.c	46	main	is_nan_or_infinite	Unknown	\is_finite(\add_double(x, \mul_double(\mul_double(b, e2), (double)49e2)))
2020/giles	prog.c	46	main	is_nan_or_infinite	Unknown	\is_finite(\mul_double(\mul_double(b, e2), (double)49e2))
2020/giles	prog.c	47	main	float_to_int	Unknown	-32769 < x
2020/giles	prog.c	47	main	float_to_int	Unknown	x < 32768
2020/giles	prog.c	50	main	precondition of fread	Unknown	valid_stream: \valid(stream)
2020/giles	prog.c	51	main	precondition of memcmp	Unknown	initialization: s1: \initialized((char *)s1 + (0 .. n - 1))
2020/giles	prog.c	51	main	precondition of memcmp	Unknown	initialization: s2: \initialized((char *)s2 + (0 .. n - 1))
2020/giles	prog.c	54	main	initialization	Unknown	\initialized(&n)
2020/giles	prog.c	54	main	is_nan_or_infinite	Unknown	\is_finite(\div_double((double)16e3, (double)n))
2020/giles	prog.c	54	main	float_to_int	Unknown	c < 4294967296
2020/giles	prog.c	54	main	is_nan_or_infinite	Unknown	\is_finite(\div_double(c, (double)n))
2020/giles	prog.c	55	main	initialization	Unknown	\initialized(&v)
2020/giles	prog.c	57	main	initialization	Unknown	\initialized(&e)
2020/giles	prog.c	60	main	initialization	Unknown	\initialized(&r)
2020/giles	prog.c	61	main	initialization	Unknown	\initialized(&k[(int)'Q'])
2020/giles	prog.c	62	main	is_nan_or_infinite	Unknown	\is_finite(\div_double(\mul_double(\sub_double(e2, g), (double)p), (double)n))
2020/giles	prog.c	62	main	is_nan_or_infinite	Unknown	\is_finite(\add_double(d[(int)(0 + 2)], tmp_13))
2020/giles	prog.c	62	main	is_nan_or_infinite	Unknown	\is_finite(\mul_double(\mul_double(b, c), aa))
2020/giles	prog.c	62	main	is_nan_or_infinite	Unknown	\is_finite(\add_double(d[(int)(1 + 2)], tmp_14))
2020/giles	prog.c	62	main	is_nan_or_infinite	Unknown	\is_finite(\mul_double(\mul_double(b, c), aa))
2020/giles	prog.c	62	main	is_nan_or_infinite	Unknown	\is_finite(\add_double(d[(int)(2 + 2)], tmp_15))
2020/giles	prog.c	62	main	is_nan_or_infinite	Unknown	\is_finite(\mul_double(\mul_double(b, c), aa))
2020/giles	prog.c	62	main	is_nan_or_infinite	Unknown	\is_finite(\add_double(i, c))
2020/giles	prog.c	63	main	is_nan_or_infinite	Unknown	\is_finite(*(&l[z] + 17))
2020/giles	prog.c	63	main	is_nan_or_infinite	Unknown	\is_finite(\add_double(\mul_double(\sub_double((double)1, d[6]), d[2]), \mul_double(\mul_double((double)2, *(&l[z] + 17)), *(&l[z] + 0))))
2020/giles	prog.c	63	main	is_nan_or_infinite	Unknown	\is_finite(\sub_double(\add_double(\mul_double(\sub_double((double)1, d[6]), d[2]), \mul_double(\mul_double((double)2, *(&l[z] + 17)), *(&l[z] + 0))), \mul_double(*(&l[z] + 1), d[6])))
2020/giles	prog.c	63	main	is_nan_or_infinite	Unknown	\is_finite(\mul_double((double)2, *(&l[z] + 17)))
2020/giles	prog.c	63	main	is_nan_or_infinite	Unknown	\is_finite(\mul_double(\mul_double((double)2, *(&l[z] + 17)), *(&l[z] + 0)))
2020/giles	prog.c	63	main	is_nan_or_infinite	Unknown	\is_finite(\sub_double(*(&l[z] + 0), \mul_double(\mul_double(d[6], *(&l[z] + 17)), *(&l[z] + 1))))
2020/giles	prog.c	63	main	is_nan_or_infinite	Unknown	\is_finite(\mul_double(\mul_double(d[6], *(&l[z] + 17)), *(&l[z] + 1)))
2020/giles	prog.c	63	main	is_nan_or_infinite	Unknown	\is_finite(*(&l[z] + 16))
2020/giles	prog.c	63	main	is_nan_or_infinite	Unknown	\is_finite(\mul_double(\mul_double(d[6], *(&l[z] + 1)), *(&l[z] + 16)))
2020/giles	prog.c	63	main	is_nan_or_infinite	Unknown	\is_finite(\add_double(\mul_double(b, b), \mul_double(aa, aa)))
2020/giles	prog.c	63	main	is_nan_or_infinite	Unknown	\is_finite(\mul_double(b, b))
2020/giles	prog.c	63	main	is_nan_or_infinite	Unknown	\is_finite(\mul_double(aa, aa))
2020/giles	prog.c	63	main	is_nan_or_infinite	Unknown	\is_finite(*(&l[z] + 17))
2020/giles	prog.c	63	main	is_nan_or_infinite	Unknown	\is_finite(\add_double(\mul_double(\sub_double((double)1, d[6]), d[2]), \mul_double(\mul_double((double)2, *(&l[z] + 17)), *(&l[z] + 0))))
2020/giles	prog.c	63	main	is_nan_or_infinite	Unknown	\is_finite(\sub_double(\add_double(\mul_double(\sub_double((double)1, d[6]), d[2]), \mul_double(\mul_double((double)2, *(&l[z] + 17)), *(&l[z] + 0))), \mul_double(*(&l[z] + 1), d[6])))
2020/giles	prog.c	63	main	is_nan_or_infinite	Unknown	\is_finite(\mul_double((double)2, *(&l[z] + 17)))
2020/giles	prog.c	63	main	is_nan_or_infinite	Unknown	\is_finite(\mul_double(\mul_double((double)2, *(&l[z] + 17)), *(&l[z] + 0)))
2020/giles	prog.c	63	main	is_nan_or_infinite	Unknown	\is_finite(\sub_double(*(&l[z] + 0), \mul_double(\mul_double(d[6], *(&l[z] + 17)), *(&l[z] + 1))))
2020/giles	prog.c	63	main	is_nan_or_infinite	Unknown	\is_finite(\mul_double(\mul_double(d[6], *(&l[z] + 17)), *(&l[z] + 1)))
2020/giles	prog.c	63	main	is_nan_or_infinite	Unknown	\is_finite(*(&l[z] + 16))
2020/giles	prog.c	63	main	is_nan_or_infinite	Unknown	\is_finite(\mul_double(\mul_double(d[6], *(&l[z] + 1)), *(&l[z] + 16)))
2020/giles	prog.c	63	main	is_nan_or_infinite	Unknown	\is_finite(\add_double(\mul_double(b, b), \mul_double(aa, aa)))
2020/giles	prog.c	63	main	is_nan_or_infinite	Unknown	\is_finite(\mul_double(b, b))
2020/giles	prog.c	63	main	is_nan_or_infinite	Unknown	\is_finite(\mul_double(aa, aa))
2020/giles	prog.c	63	main	is_nan_or_infinite	Unknown	\is_finite(\add_double(x, aa))
2020/giles	prog.c	63	main	is_nan_or_infinite	Unknown	\is_finite(*(&l[z] + 17))
2020/giles	prog.c	63	main	is_nan_or_infinite	Unknown	\is_finite(\add_double(\mul_double(\sub_double((double)1, d[6]), d[2]), \mul_double(\mul_double((double)2, *(&l[z] + 17)), *(&l[z] + 0))))
2020/giles	prog.c	63	main	is_nan_or_infinite	Unknown	\is_finite(\sub_double(\add_double(\mul_double(\sub_double((double)1, d[6]), d[2]), \mul_double(\mul_double((double)2, *(&l[z] + 17)), *(&l[z] + 0))), \mul_double(*(&l[z] + 1), d[6])))
2020/giles	prog.c	63	main	is_nan_or_infinite	Unknown	\is_finite(\mul_double((double)2, *(&l[z] + 17)))
2020/giles	prog.c	63	main	is_nan_or_infinite	Unknown	\is_finite(\mul_double(\mul_double((double)2, *(&l[z] + 17)), *(&l[z] + 0)))
2020/giles	prog.c	63	main	is_nan_or_infinite	Unknown	\is_finite(\sub_double(*(&l[z] + 0), \mul_double(\mul_double(d[6], *(&l[z] + 17)), *(&l[z] + 1))))
2020/giles	prog.c	63	main	is_nan_or_infinite	Unknown	\is_finite(\mul_double(\mul_double(d[6], *(&l[z] + 17)), *(&l[z] + 1)))
2020/giles	prog.c	63	main	is_nan_or_infinite	Unknown	\is_finite(*(&l[z] + 16))
2020/giles	prog.c	63	main	is_nan_or_infinite	Unknown	\is_finite(\mul_double(\mul_double(d[6], *(&l[z] + 1)), *(&l[z] + 16)))
2020/giles	prog.c	63	main	is_nan_or_infinite	Unknown	\is_finite(\add_double(\mul_double(b, b), \mul_double(aa, aa)))
2020/giles	prog.c	63	main	is_nan_or_infinite	Unknown	\is_finite(\mul_double(b, b))
2020/giles	prog.c	63	main	is_nan_or_infinite	Unknown	\is_finite(\mul_double(aa, aa))
2020/giles	prog.c	63	main	is_nan_or_infinite	Unknown	\is_finite(\add_double(x, aa))
2020/giles	prog.c	63	main	is_nan_or_infinite	Unknown	\is_finite(*(&l[z] + 17))
2020/giles	prog.c	63	main	is_nan_or_infinite	Unknown	\is_finite(\add_double(\mul_double(\sub_double((double)1, d[6]), d[2]), \mul_double(\mul_double((double)2, *(&l[z] + 17)), *(&l[z] + 0))))
2020/giles	prog.c	63	main	is_nan_or_infinite	Unknown	\is_finite(\sub_double(\add_double(\mul_double(\sub_double((double)1, d[6]), d[2]), \mul_double(\mul_double((double)2, *(&l[z] + 17)), *(&l[z] + 0))), \mul_double(*(&l[z] + 1), d[6])))
2020/giles	prog.c	63	main	is_nan_or_infinite	Unknown	\is_finite(\mul_double((double)2, *(&l[z] + 17)))
2020/giles	prog.c	63	main	is_nan_or_infinite	Unknown	\is_finite(\mul_double(\mul_double((double)2, *(&l[z] + 17)), *(&l[z] + 0)))
2020/giles	prog.c	63	main	is_nan_or_infinite	Unknown	\is_finite(\sub_double(*(&l[z] + 0), \mul_double(\mul_double(d[6], *(&l[z] + 17)), *(&l[z] + 1))))
2020/giles	prog.c	63	main	is_nan_or_infinite	Unknown	\is_finite(\mul_double(\mul_double(d[6], *(&l[z] + 17)), *(&l[z] + 1)))
2020/giles	prog.c	63	main	is_nan_or_infinite	Unknown	\is_finite(*(&l[z] + 16))
2020/giles	prog.c	63	main	is_nan_or_infinite	Unknown	\is_finite(\mul_double(\mul_double(d[6], *(&l[z] + 1)), *(&l[z] + 16)))
2020/giles	prog.c	63	main	is_nan_or_infinite	Unknown	\is_finite(\add_double(\mul_double(b, b), \mul_double(aa, aa)))
2020/giles	prog.c	63	main	is_nan_or_infinite	Unknown	\is_finite(\mul_double(b, b))
2020/giles	prog.c	63	main	is_nan_or_infinite	Unknown	\is_finite(\mul_double(aa, aa))
2020/giles	prog.c	63	main	is_nan_or_infinite	Unknown	\is_finite(\add_double(x, aa))
2020/giles	prog.c	63	main	is_nan_or_infinite	Unknown	\is_finite(*(&l[z] + 17))
2020/giles	prog.c	63	main	is_nan_or_infinite	Unknown	\is_finite(\add_double(\mul_double(\sub_double((double)1, d[6]), d[2]), \mul_double(\mul_double((double)2, *(&l[z] + 17)), *(&l[z] + 0))))
2020/giles	prog.c	63	main	is_nan_or_infinite	Unknown	\is_finite(\sub_double(\add_double(\mul_double(\sub_double((double)1, d[6]), d[2]), \mul_double(\mul_double((double)2, *(&l[z] + 17)), *(&l[z] + 0))), \mul_double(*(&l[z] + 1), d[6])))
2020/giles	prog.c	63	main	is_nan_or_infinite	Unknown	\is_finite(\mul_double((double)2, *(&l[z] + 17)))
2020/giles	prog.c	63	main	is_nan_or_infinite	Unknown	\is_finite(\mul_double(\mul_double((double)2, *(&l[z] + 17)), *(&l[z] + 0)))
2020/giles	prog.c	63	main	is_nan_or_infinite	Unknown	\is_finite(\sub_double(*(&l[z] + 0), \mul_double(\mul_double(d[6], *(&l[z] + 17)), *(&l[z] + 1))))
2020/giles	prog.c	63	main	is_nan_or_infinite	Unknown	\is_finite(\mul_double(\mul_double(d[6], *(&l[z] + 17)), *(&l[z] + 1)))
2020/giles	prog.c	63	main	is_nan_or_infinite	Unknown	\is_finite(*(&l[z] + 16))
2020/giles	prog.c	63	main	is_nan_or_infinite	Unknown	\is_finite(\mul_double(\mul_double(d[6], *(&l[z] + 1)), *(&l[z] + 16)))
2020/giles	prog.c	63	main	is_nan_or_infinite	Unknown	\is_finite(\add_double(\mul_double(b, b), \mul_double(aa, aa)))
2020/giles	prog.c	63	main	is_nan_or_infinite	Unknown	\is_finite(\mul_double(b, b))
2020/giles	prog.c	63	main	is_nan_or_infinite	Unknown	\is_finite(\mul_double(aa, aa))
2020/giles	prog.c	63	main	is_nan_or_infinite	Unknown	\is_finite(\add_double(x, aa))
2020/giles	prog.c	63	main	is_nan_or_infinite	Unknown	\is_finite(*(&l[z] + 17))
2020/giles	prog.c	63	main	is_nan_or_infinite	Unknown	\is_finite(\add_double(\mul_double(\sub_double((double)1, d[6]), d[2]), \mul_double(\mul_double((double)2, *(&l[z] + 17)), *(&l[z] + 0))))
2020/giles	prog.c	63	main	is_nan_or_infinite	Unknown	\is_finite(\sub_double(\add_double(\mul_double(\sub_double((double)1, d[6]), d[2]), \mul_double(\mul_double((double)2, *(&l[z] + 17)), *(&l[z] + 0))), \mul_double(*(&l[z] + 1), d[6])))
2020/giles	prog.c	63	main	is_nan_or_infinite	Unknown	\is_finite(\mul_double((double)2, *(&l[z] + 17)))
2020/giles	prog.c	63	main	is_nan_or_infinite	Unknown	\is_finite(\mul_double(\mul_double((double)2, *(&l[z] + 17)), *(&l[z] + 0)))
2020/giles	prog.c	63	main	is_nan_or_infinite	Unknown	\is_finite(\sub_double(*(&l[z] + 0), \mul_double(\mul_double(d[6], *(&l[z] + 17)), *(&l[z] + 1))))
2020/giles	prog.c	63	main	is_nan_or_infinite	Unknown	\is_finite(\mul_double(\mul_double(d[6], *(&l[z] + 17)), *(&l[z] + 1)))
2020/giles	prog.c	63	main	is_nan_or_infinite	Unknown	\is_finite(*(&l[z] + 16))
2020/giles	prog.c	63	main	is_nan_or_infinite	Unknown	\is_finite(\mul_double(\mul_double(d[6], *(&l[z] + 1)), *(&l[z] + 16)))
2020/giles	prog.c	63	main	is_nan_or_infinite	Unknown	\is_finite(\add_double(\mul_double(b, b), \mul_double(aa, aa)))
2020/giles	prog.c	63	main	is_nan_or_infinite	Unknown	\is_finite(\mul_double(b, b))
2020/giles	prog.c	63	main	is_nan_or_infinite	Unknown	\is_finite(\mul_double(aa, aa))
2020/giles	prog.c	63	main	is_nan_or_infinite	Unknown	\is_finite(\add_double(x, aa))
2020/giles	prog.c	63	main	is_nan_or_infinite	Unknown	\is_finite(*(&l[z] + 17))
2020/giles	prog.c	63	main	is_nan_or_infinite	Unknown	\is_finite(\add_double(\mul_double(\sub_double((double)1, d[6]), d[2]), \mul_double(\mul_double((double)2, *(&l[z] + 17)), *(&l[z] + 0))))
2020/giles	prog.c	63	main	is_nan_or_infinite	Unknown	\is_finite(\sub_double(\add_double(\mul_double(\sub_double((double)1, d[6]), d[2]), \mul_double(\mul_double((double)2, *(&l[z] + 17)), *(&l[z] + 0))), \mul_double(*(&l[z] + 1), d[6])))
2020/giles	prog.c	63	main	is_nan_or_infinite	Unknown	\is_finite(\mul_double((double)2, *(&l[z] + 17)))
2020/giles	prog.c	63	main	is_nan_or_infinite	Unknown	\is_finite(\mul_double(\mul_double((double)2, *(&l[z] + 17)), *(&l[z] + 0)))
2020/giles	prog.c	63	main	is_nan_or_infinite	Unknown	\is_finite(\sub_double(*(&l[z] + 0), \mul_double(\mul_double(d[6], *(&l[z] + 17)), *(&l[z] + 1))))
2020/giles	prog.c	63	main	is_nan_or_infinite	Unknown	\is_finite(\mul_double(\mul_double(d[6], *(&l[z] + 17)), *(&l[z] + 1)))
2020/giles	prog.c	63	main	is_nan_or_infinite	Unknown	\is_finite(*(&l[z] + 16))
2020/giles	prog.c	63	main	is_nan_or_infinite	Unknown	\is_finite(\mul_double(\mul_double(d[6], *(&l[z] + 1)), *(&l[z] + 16)))
2020/giles	prog.c	63	main	is_nan_or_infinite	Unknown	\is_finite(\add_double(\mul_double(b, b), \mul_double(aa, aa)))
2020/giles	prog.c	63	main	is_nan_or_infinite	Unknown	\is_finite(\mul_double(b, b))
2020/giles	prog.c	63	main	is_nan_or_infinite	Unknown	\is_finite(\mul_double(aa, aa))
2020/giles	prog.c	63	main	is_nan_or_infinite	Unknown	\is_finite(\add_double(x, aa))
2020/giles	prog.c	63	main	is_nan_or_infinite	Unknown	\is_finite(*(&l[z] + 17))
2020/giles	prog.c	63	main	is_nan_or_infinite	Unknown	\is_finite(\add_double(\mul_double(\sub_double((double)1, d[6]), d[2]), \mul_double(\mul_double((double)2, *(&l[z] + 17)), *(&l[z] + 0))))
2020/giles	prog.c	63	main	is_nan_or_infinite	Unknown	\is_finite(\sub_double(\add_double(\mul_double(\sub_double((double)1, d[6]), d[2]), \mul_double(\mul_double((double)2, *(&l[z] + 17)), *(&l[z] + 0))), \mul_double(*(&l[z] + 1), d[6])))
2020/giles	prog.c	63	main	is_nan_or_infinite	Unknown	\is_finite(\mul_double((double)2, *(&l[z] + 17)))
2020/giles	prog.c	63	main	is_nan_or_infinite	Unknown	\is_finite(\mul_double(\mul_double((double)2, *(&l[z] + 17)), *(&l[z] + 0)))
2020/giles	prog.c	63	main	is_nan_or_infinite	Unknown	\is_finite(\sub_double(*(&l[z] + 0), \mul_double(\mul_double(d[6], *(&l[z] + 17)), *(&l[z] + 1))))
2020/giles	prog.c	63	main	is_nan_or_infinite	Unknown	\is_finite(\mul_double(\mul_double(d[6], *(&l[z] + 17)), *(&l[z] + 1)))
2020/giles	prog.c	63	main	is_nan_or_infinite	Unknown	\is_finite(*(&l[z] + 16))
2020/giles	prog.c	63	main	is_nan_or_infinite	Unknown	\is_finite(\mul_double(\mul_double(d[6], *(&l[z] + 1)), *(&l[z] + 16)))
2020/giles	prog.c	63	main	is_nan_or_infinite	Unknown	\is_finite(\add_double(\mul_double(b, b), \mul_double(aa, aa)))
2020/giles	prog.c	63	main	is_nan_or_infinite	Unknown	\is_finite(\mul_double(b, b))
2020/giles	prog.c	63	main	is_nan_or_infinite	Unknown	\is_finite(\mul_double(aa, aa))
2020/giles	prog.c	63	main	is_nan_or_infinite	Unknown	\is_finite(\add_double(x, aa))
2020/giles	prog.c	68	main	initialization	Unknown	\initialized(&k[z])
2020/giles	prog.c	68	main	initialization	Unknown	\initialized(&k[(uint32_t)(z + 1)])
2020/giles	prog.c	68	main	initialization	Unknown	\initialized(&k[z])
2020/giles	prog.c	68	main	initialization	Unknown	\initialized(&k[(uint32_t)(z + 1)])
2020/giles	prog.c	68	main	initialization	Unknown	\initialized(&k[z])
2020/giles	prog.c	68	main	initialization	Unknown	\initialized(&k[(uint32_t)(z + 1)])
2020/giles	prog.c	68	main	initialization	Unknown	\initialized(&k[z])
2020/giles	prog.c	68	main	initialization	Unknown	\initialized(&k[(uint32_t)(z + 1)])
2020/giles	prog.c	68	main	initialization	Unknown	\initialized(&k[z])
2020/giles	prog.c	68	main	initialization	Unknown	\initialized(&k[(uint32_t)(z + 1)])
2020/giles	prog.c	68	main	initialization	Unknown	\initialized(&k[z])
2020/giles	prog.c	68	main	initialization	Unknown	\initialized(&k[(uint32_t)(z + 1)])
2020/giles	prog.c	68	main	initialization	Unknown	\initialized(&k[z])
2020/giles	prog.c	68	main	initialization	Unknown	\initialized(&k[(uint32_t)(z + 1)])
2020/giles	prog.c	68	main	initialization	Unknown	\initialized(&k[z])
2020/giles	prog.c	68	main	initialization	Unknown	\initialized(&k[(uint32_t)(z + 1)])
2020/giles	prog.c	70	main	initialization	Unknown	\initialized(&k[z])
2020/giles	prog.c	70	main	initialization	Unknown	\initialized(&k[(uint32_t)(z + 1)])
2020/giles	prog.c	70	main	initialization	Unknown	\initialized(&k[z])
2020/giles	prog.c	70	main	initialization	Unknown	\initialized(&k[(uint32_t)(z + 1)])
2020/giles	prog.c	70	main	initialization	Unknown	\initialized(&k[z])
2020/giles	prog.c	70	main	initialization	Unknown	\initialized(&k[(uint32_t)(z + 1)])
2020/giles	prog.c	70	main	initialization	Unknown	\initialized(&k[z])
2020/giles	prog.c	70	main	initialization	Unknown	\initialized(&k[(uint32_t)(z + 1)])
2020/giles	prog.c	70	main	initialization	Unknown	\initialized(&k[z])
2020/giles	prog.c	70	main	initialization	Unknown	\initialized(&k[(uint32_t)(z + 1)])
2020/giles	prog.c	70	main	initialization	Unknown	\initialized(&k[z])
2020/giles	prog.c	70	main	initialization	Unknown	\initialized(&k[(uint32_t)(z + 1)])
2020/giles	prog.c	70	main	initialization	Unknown	\initialized(&k[z])
2020/giles	prog.c	70	main	initialization	Unknown	\initialized(&k[(uint32_t)(z + 1)])
2020/giles	prog.c	70	main	initialization	Unknown	\initialized(&k[z])
2020/giles	prog.c	70	main	initialization	Unknown	\initialized(&k[(uint32_t)(z + 1)])
FRAMAC_SHARE/libc	stdio.h	354	fread	precondition	Unknown	valid_stream: \valid(stream)
FRAMAC_SHARE/libc	stdio.h	367	fwrite	precondition	Unknown	valid_stream: \valid(stream)
FRAMAC_SHARE/libc	string.h	57	memcmp	precondition	Unknown	initialization: s1: \initialized((char *)s1 + (0 .. n - 1))
FRAMAC_SHARE/libc	string.h	58	memcmp	precondition	Unknown	initialization: s2: \initialized((char *)s2 + (0 .. n - 1))
FRAMAC_SHARE/libc	string.h	141	strlen	precondition	Unknown	valid_string_s: valid_read_string(s)
FRAMAC_SHARE/libc	string.h	173	strchr	precondition	Unknown	valid_string_s: valid_read_string(s)
